"ASSET ID","ALT ASSET ID","PRODUCT NAME","ASSET ALIAS","INSTALLATION","SUPPORTED BY","PRODUCT TYPE","INSTALLED CODE","LOCATION NAME","INSTANCE ID","SOLUTION ID","LOCATION ID","INSTALL BASE AGE","CONNECTIVITY STATUS","LAST ALERT & TELEMETRY DELIVERY","CONNECTION TYPE","CONNECTION AGE","SERVICES STATUS","CONTRACT TYPE","CONTRACT END DATE","SALES ORDER#","END OF STANDARD SUPPORT","CITY","COUNTRY"
"24333188",,"Data Protection Advisor",,"Installed","Dell Technologies","SOFTWARE",,"CRDB BANK PLC","",,"27601739189394","5yr, 8mo, 21d","Not Eligible",,"",,"Active","ProSupport For Software","February 01, 2026","310905167",,"DAR ES SALAAM","Tanzania, United Republic of"
"24333190",,"Data Protection Search",,"Installed","Dell Technologies","SOFTWARE",,"CRDB BANK PLC","",,"27601739189394","5yr, 8mo, 21d","Not Eligible",,"",,"Active","ProSupport For Software","February 01, 2026","310905167",,"DAR ES SALAAM","Tanzania, United Republic of"
"24333192",,"RecoverPoint for Virtual Machines",,"Installed","Dell Technologies","SOFTWARE",,"CRDB BANK PLC","",,"27601739189394","5yr, 8mo, 21d","Not Eligible",,"",,"Active","ProSupport For Software","February 01, 2026","310905167",,"DAR ES SALAAM","Tanzania, United Republic of"
"24333194",,"RecoverPoint for Virtual Machines",,"Installed","Dell Technologies","SOFTWARE",,"CRDB BANK PLC","",,"27601739189394","5yr, 8mo, 21d","Not Eligible",,"",,"Active","ProSupport For Software","February 01, 2026","310905167",,"DAR ES SALAAM","Tanzania, United Republic of"
"24333196",,"RecoverPoint for Virtual Machines",,"Installed","Dell Technologies","SOFTWARE",,"CRDB BANK PLC","",,"27601739189394","5yr, 8mo, 21d","Not Eligible",,"",,"Active","ProSupport For Software","February 01, 2026","310905167",,"DAR ES SALAAM","Tanzania, United Republic of"
"24333198",,"Data Protection Advisor",,"Installed","Dell Technologies","SOFTWARE",,"CRDB BANK PLC","",,"27601739189394","5yr, 8mo, 21d","Not Eligible",,"",,"Active","ProSupport For Software","February 01, 2026","310905167",,"DAR ES SALAAM","Tanzania, United Republic of"
"24333200",,"Data Protection Central",,"Installed","Dell Technologies","SOFTWARE",,"CRDB BANK PLC","",,"27601739189394","5yr, 8mo, 21d","Not Eligible",,"",,"Active","ProSupport For Software","February 01, 2026","310905167",,"DAR ES SALAAM","Tanzania, United Republic of"
"24333202",,"Avamar Virtual Edition",,"Installed","Dell Technologies","SOFTWARE",,"CRDB BANK PLC","",,"27601739189394","5yr, 8mo, 21d","Not Eligible",,"",,"Active","ProSupport For Software","February 01, 2026","310905167",,"DAR ES SALAAM","Tanzania, United Republic of"
"24333204",,"Avamar Virtual Edition",,"Installed","Dell Technologies","SOFTWARE",,"CRDB BANK PLC","",,"27601739189394","5yr, 8mo, 21d","Not Eligible",,"",,"Active","ProSupport For Software","February 01, 2026","310905167",,"DAR ES SALAAM","Tanzania, United Republic of"
"24333210",,"Data Protection Advisor",,"Installed","Dell Technologies","SOFTWARE",,"CRDB BANK PLC","",,"27601739189394","5yr, 8mo, 21d","Not Eligible",,"",,"Active","ProSupport For Software","February 01, 2026","310905167",,"DAR ES SALAAM","Tanzania, United Republic of"
"24333212",,"Data Protection Search",,"Installed","Dell Technologies","SOFTWARE",,"CRDB BANK PLC","",,"27601739189394","5yr, 8mo, 21d","Not Eligible",,"",,"Active","ProSupport For Software","February 01, 2026","310905167",,"DAR ES SALAAM","Tanzania, United Republic of"
"24333214",,"RecoverPoint for Virtual Machines",,"Installed","Dell Technologies","SOFTWARE",,"CRDB BANK PLC","",,"27601739189394","5yr, 8mo, 21d","Not Eligible",,"",,"Active","ProSupport For Software","February 01, 2026","310905167",,"DAR ES SALAAM","Tanzania, United Republic of"
"24333216",,"RecoverPoint for Virtual Machines",,"Installed","Dell Technologies","SOFTWARE",,"CRDB BANK PLC","",,"27601739189394","5yr, 8mo, 21d","Not Eligible",,"",,"Active","ProSupport For Software","February 01, 2026","310905167",,"DAR ES SALAAM","Tanzania, United Republic of"
"24333218",,"RecoverPoint for Virtual Machines",,"Installed","Dell Technologies","SOFTWARE",,"CRDB BANK PLC","",,"27601739189394","5yr, 8mo, 21d","Not Eligible",,"",,"Active","ProSupport For Software","February 01, 2026","310905167",,"DAR ES SALAAM","Tanzania, United Republic of"
"24333220",,"RecoverPoint for Virtual Machines",,"Installed","Dell Technologies","SOFTWARE",,"CRDB BANK PLC","",,"27601739189394","5yr, 8mo, 21d","Not Eligible",,"",,"Active","ProSupport For Software","February 01, 2026","310905167",,"DAR ES SALAAM","Tanzania, United Republic of"
"24333222",,"RecoverPoint for Virtual Machines",,"Installed","Dell Technologies","SOFTWARE",,"CRDB BANK PLC","",,"27601739189394","5yr, 8mo, 21d","Not Eligible",,"",,"Active","ProSupport For Software","February 01, 2026","310905167",,"DAR ES SALAAM","Tanzania, United Republic of"
"24333224",,"RecoverPoint for Virtual Machines",,"Installed","Dell Technologies","SOFTWARE",,"CRDB BANK PLC","",,"27601739189394","5yr, 8mo, 21d","Not Eligible",,"",,"Active","ProSupport For Software","February 01, 2026","310905167",,"DAR ES SALAAM","Tanzania, United Republic of"
"24333226",,"RecoverPoint for Virtual Machines",,"Installed","Dell Technologies","SOFTWARE",,"CRDB BANK PLC","",,"27601739189394","5yr, 8mo, 21d","Not Eligible",,"",,"Active","ProSupport For Software","February 01, 2026","310905167",,"DAR ES SALAAM","Tanzania, United Republic of"
"24333228",,"Data Protection Advisor",,"Installed","Dell Technologies","SOFTWARE",,"CRDB BANK PLC","",,"27601739189394","5yr, 8mo, 21d","Not Eligible",,"",,"Active","ProSupport For Software","February 01, 2026","310905167",,"DAR ES SALAAM","Tanzania, United Republic of"
"24333230",,"Data Protection Central",,"Installed","Dell Technologies","SOFTWARE",,"CRDB BANK PLC","",,"27601739189394","5yr, 8mo, 21d","Not Eligible",,"",,"Active","ProSupport For Software","February 01, 2026","310905167",,"DAR ES SALAAM","Tanzania, United Republic of"
"24333232",,"Avamar Virtual Edition",,"Installed","Dell Technologies","SOFTWARE",,"CRDB BANK PLC","",,"27601739189394","5yr, 8mo, 21d","Not Eligible",,"",,"Active","ProSupport For Software","February 01, 2026","310905167",,"DAR ES SALAAM","Tanzania, United Republic of"
"24333234",,"Avamar Virtual Edition",,"Installed","Dell Technologies","SOFTWARE",,"CRDB BANK PLC","",,"27601739189394","5yr, 8mo, 21d","Not Eligible",,"",,"Active","ProSupport For Software","February 01, 2026","310905167",,"DAR ES SALAAM","Tanzania, United Republic of"
"DE600200613759","9WB1033","VxRail E560F",,"Installed","Dell Technologies","HARDWARE",,"CRDB BANK PLC","",,"27601739189394","5yr, 7mo, 7d","Connected","2025-10-21 03:42:45","Secure Connect Gateway - Virtual Appliance v5","< 1d","Active","ProSupport","February 01, 2026","273343400","September 30, 2027","DAR ES SALAAM","Tanzania, United Republic of"
"DE600200613760","BWB1033","VxRail E560F",,"Installed","Dell Technologies","HARDWARE",,"CRDB BANK PLC","",,"27601739189394","5yr, 7mo, 7d","Connected","2025-10-21 03:42:45","Secure Connect Gateway - Virtual Appliance v5","< 1d","Active","ProSupport","February 01, 2026","273343400","September 30, 2027","DAR ES SALAAM","Tanzania, United Republic of"
"DE600200613761","CWB1033","VxRail E560F",,"Installed","Dell Technologies","HARDWARE",,"CRDB BANK PLC","",,"27601739189394","5yr, 7mo, 7d","Connected","2025-10-21 03:42:45","Secure Connect Gateway - Virtual Appliance v5","< 1d","Active","ProSupport","February 01, 2026","273343400","September 30, 2027","DAR ES SALAAM","Tanzania, United Republic of"
"DE600200613765","5WB1033","VxRail E560F",,"Installed","Dell Technologies","HARDWARE",,"CRDB BANK PLC","",,"27601739189394","5yr, 7mo, 7d","Connected","2025-10-21 03:42:45","Secure Connect Gateway - Appliance v5","< 1d","Active","ProSupport","February 01, 2026","273343404","September 30, 2027","DAR ES SALAAM","Tanzania, United Republic of"
"DE600200613766","4WB1033","VxRail E560F",,"Installed","Dell Technologies","HARDWARE","7.0.320-27377804","CRDB BANK PLC","",,"27601739189394","5yr, 7mo, 7d","Not Connected","2023-03-07 06:13:26","OTHER","2yr, 7mo, 14d","Active","ProSupport","February 01, 2026","273343404","September 30, 2027","DAR ES SALAAM","Tanzania, United Republic of"
"DE600200613768","7WB1033","VxRail E560F",,"Installed","Dell Technologies","HARDWARE","7.0.320-27377804","CRDB BANK PLC","",,"27601739189394","5yr, 7mo, 7d","Not Connected","2023-03-07 06:13:26","Secure Connect Gateway - Virtual Appliance v3","2yr, 7mo, 14d","Active","ProSupport","February 01, 2026","273343404","September 30, 2027","DAR ES SALAAM","Tanzania, United Republic of"
"DE600200613772","8WB1033","VxRail E560F",,"Installed","Dell Technologies","HARDWARE","7.0.320-27377804","CRDB BANK PLC","",,"27601739189394","5yr, 7mo, 7d","Not Connected","2023-03-07 06:13:26","Secure Connect Gateway - Virtual Appliance v3","2yr, 7mo, 14d","Active","ProSupport","February 01, 2026","273343400","September 30, 2027","DAR ES SALAAM","Tanzania, United Republic of"
"DE600200613776","6WB1033","VxRail E560F",,"Installed","Dell Technologies","HARDWARE","7.0.320-27377804","CRDB BANK PLC","",,"27601739189394","5yr, 7mo, 7d","Not Connected","2023-03-07 06:13:26","Secure Connect Gateway - Appliance v5","2yr, 7mo, 14d","Active","ProSupport","February 01, 2026","273343404","September 30, 2027","DAR ES SALAAM","Tanzania, United Republic of"
"ELMAPL082221XB",,"Secure Connect Gateway - Virtual Edition",,"Installed","Dell Technologies","SOFTWARE",,"CRDB BANK PLC","",,"27601739189394","3yr, 1mo, 28d","Not Connected","2025-04-16 08:21:50","OTHER","6mo, 5d","Active","ProSupport For Software","January 01, 2031","Not Available",,"DAR ES SALAAM","Tanzania, United Republic of"
"ELMAVM0620V7D5",,"Avamar Server",,"Installed","Dell Technologies","SOFTWARE",,"CRDB BANK PLC","",,"27601739189394","5yr, 3mo, 26d","Not Eligible",,"",,"Active","ProSupport For Software","February 01, 2026","310905167",,"DAR ES SALAAM","Tanzania, United Republic of"
"ELMDPA032289VP",,"Data Protection Advisor",,"Installed","Dell Technologies","SOFTWARE",,"CRDB BANK PLC","",,"27601739189394","3yr, 6mo, 21d","Not Configured",,"OTHER",,"Active","ProSupport For Software","February 01, 2026","310905167",,"DAR ES SALAAM","Tanzania, United Republic of"
"ELMDPS0322FDSC",,"Data Protection Search",,"Installed","Dell Technologies","SOFTWARE",,"CRDB BANK PLC","",,"27601739189394","3yr, 6mo, 21d","Not Eligible",,"",,"Active","ProSupport For Software","February 01, 2026","310905167",,"DAR ES SALAAM","Tanzania, United Republic of"
"ELMESR09211Q5V",,"Secure Remote Services Virtual Edition",,"Installed","Dell Technologies","SOFTWARE",,"CRDB BANK PLC","",,"27601739189394","4yr, 1mo, 7d","Not Eligible",,"",,"Active","ProSupport For Software","January 01, 2031","Not Available",,"DAR ES SALAAM","Tanzania, United Republic of"
"ELMESR09215T6X",,"Secure Remote Services Virtual Edition",,"Installed","Dell Technologies","SOFTWARE",,"CRDB BANK PLC","",,"27601739189394","4yr, 1mo, 15d","Not Eligible",,"",,"Active","ProSupport For Software","January 01, 2031","Not Available",,"DAR ES SALAAM","Tanzania, United Republic of"
"ELMESR09218DGQ",,"Secure Remote Services Virtual Edition",,"Installed","Dell Technologies","SOFTWARE",,"CRDB BANK PLC","",,"27601739189394","4yr, 1mo, 14d","Not Eligible",,"",,"Active","ProSupport For Software","January 01, 2031","Not Available",,"DAR ES SALAAM","Tanzania, United Republic of"
"ELMESR09218H7R",,"Secure Remote Services Virtual Edition",,"Installed","Dell Technologies","SOFTWARE",,"CRDB BANK PLC","",,"27601739189394","4yr, 1mo","Not Eligible",,"",,"Active","ProSupport For Software","January 01, 2031","Not Available",,"DAR ES SALAAM","Tanzania, United Republic of"
"1BJJN44",,"VxRail E660F",,"Not Installed","Dell Technologies","HARDWARE",,"CRDB BANK PLC","",,"3572412594","1yr, 2mo, 15d","Not Eligible",,"",,,,,"1008156514","June 30, 2030","DAR ES SALAAM","Tanzania, United Republic of"
"243VC64",,"PowerEdge R760",,"Not Installed","Dell Technologies","HARDWARE",,"CRDB BANK PLC","",,"3572412594","11mo, 22d","Not Configured",,"OTHER",,"Active","ProSupport","February 18, 2028","1011380955",,"DAR ES SALAAM","TZ"
"24HLQ34","24HLQ34","DD6400 Appliance",,"Installed","Dell Technologies","HARDWARE",,"CRDB BANK PLC","",,"3572412594","4mo, 29d","Not Eligible",,"",,"Active","ProSupport","November 29, 2027","1011380949","June 30, 2030","DAR ES SALAAM","Tanzania, United Republic of"
"261MJ13",,"PowerEdge R740",,"Not Installed","Dell Technologies","HARDWARE",,"CRDB BANK PLC","",,"3572412594","5yr, 10mo, 3d","Not Configured",,"OTHER",,"Active","ProSupport","January 31, 2026","273301810",,"DAR ES SALAAM","TZ"
"263VC64",,"PowerEdge R760",,"Not Installed","Dell Technologies","HARDWARE",,"CRDB BANK PLC","",,"3572412594","11mo, 22d","Not Configured",,"OTHER",,"Active","ProSupport","February 18, 2028","1011380956",,"DAR ES SALAAM","TZ"
"26519456",,"CloudBoost Virtual Appliance",,"Installed","Dell Technologies","SOFTWARE",,"CRDB BANK PLC","",,"3572412594","4yr, 7mo, 17d","Not Eligible",,"",,,"Unavailable",,"99999",,"DAR ES SALAAM","Tanzania, United Republic of"
"26519457",,"Data Protection Central",,"Installed","Dell Technologies","SOFTWARE",,"CRDB BANK PLC","",,"3572412594","4yr, 7mo, 17d","Not Eligible",,"",,"Ended","ProSupport For Software","February 06, 2024","99999",,"DAR ES SALAAM","Tanzania, United Republic of"
"26519458",,"Data Protection Advisor",,"Installed","Dell Technologies","SOFTWARE",,"CRDB BANK PLC","",,"3572412594","4yr, 7mo, 17d","Not Eligible",,"",,"Ended","ProSupport For Software","February 06, 2024","99999",,"DAR ES SALAAM","Tanzania, United Republic of"
"26519459",,"Avamar Virtual Edition",,"Installed","Dell Technologies","SOFTWARE",,"CRDB BANK PLC","",,"3572412594","4yr, 7mo, 17d","Not Eligible",,"",,"Ended","ProSupport For Software","February 06, 2024","99999",,"DAR ES SALAAM","Tanzania, United Republic of"
"26519460",,"Avamar Virtual Edition",,"Installed","Dell Technologies","SOFTWARE",,"CRDB BANK PLC","",,"3572412594","4yr, 7mo, 17d","Not Eligible",,"",,"Ended","ProSupport For Software","February 06, 2024","99999",,"DAR ES SALAAM","Tanzania, United Republic of"
"26519461",,"Data Protection Advisor",,"Installed","Dell Technologies","SOFTWARE",,"CRDB BANK PLC","",,"3572412594","4yr, 7mo, 17d","Not Eligible",,"",,"Ended","ProSupport For Software","February 06, 2024","99999",,"DAR ES SALAAM","Tanzania, United Republic of"
"26519462",,"RecoverPoint for Virtual Machines",,"Installed","Dell Technologies","SOFTWARE",,"CRDB BANK PLC","",,"3572412594","4yr, 7mo, 17d","Not Eligible",,"",,"Ended","ProSupport For Software","February 06, 2024","99999",,"DAR ES SALAAM","Tanzania, United Republic of"
"26519463",,"Data Protection Search",,"Installed","Dell Technologies","SOFTWARE",,"CRDB BANK PLC","",,"3572412594","4yr, 7mo, 17d","Not Eligible",,"",,"Ended","ProSupport For Software","February 06, 2024","99999",,"DAR ES SALAAM","Tanzania, United Republic of"
"26519465",,"NetWorker",,"Installed","Dell Technologies","SOFTWARE",,"CRDB BANK PLC","",,"3572412594","4yr, 7mo, 17d","Not Eligible",,"",,"Ended","ProSupport For Software","February 06, 2024","99999",,"DAR ES SALAAM","Tanzania, United Republic of"
"26519466",,"vRealize Data Protection Extension for Avamar",,"Installed","Dell Technologies","SOFTWARE",,"CRDB BANK PLC","",,"3572412594","4yr, 7mo, 17d","Not Eligible",,"",,"Ended","ProSupport For Software","February 06, 2024","99999",,"DAR ES SALAAM","Tanzania, United Republic of"
"34HLQ34","34HLQ34","DD6400 Appliance",,"Installed","Dell Technologies","HARDWARE",,"CRDB BANK PLC","",,"3572412594","4mo, 29d","Not Eligible",,"",,"Active","ProSupport","November 29, 2027","1011380949","June 30, 2030","DAR ES SALAAM","Tanzania, United Republic of"
"38PB1K3",,"AppSync",,"Installed","Dell Technologies","SOFTWARE",,"CRDB BANK PLC","",,"3572412594","3yr, 11mo, 24d","Not Eligible",,"",,"Active","ProSupport For Software","January 31, 2026","273711545",,"DAR ES SALAAM","TZ"
"38Q91K3",,"AppSync",,"Installed","Dell Technologies","SOFTWARE",,"CRDB BANK PLC","",,"3572412594","3yr, 11mo, 24d","Not Eligible",,"",,"Active","ProSupport For Software","January 31, 2026","273711545",,"DAR ES SALAAM","TZ"
"3T15KF3","3T15KF3","Dell EMC Unity XT 480",,"Installed","Dell Technologies","HARDWARE",,"CRDB BANK PLC","",,"3572412594","3yr, 10mo, 28d","Not Eligible",,"",,"Active","ProSupport","January 31, 2026","273711544",,"DAR ES SALAAM","Tanzania, United Republic of"
"3T43KF3","3T43KF3","Dell EMC Unity XT 480",,"Installed","Dell Technologies","HARDWARE",,"CRDB BANK PLC","",,"3572412594","3yr, 10mo, 28d","Not Eligible",,"",,"Active","ProSupport","January 31, 2026","273711544",,"DAR ES SALAAM","Tanzania, United Republic of"
"3TQ2KF3","3TQ2KF3","Dell EMC Unity XT 480",,"Installed","Dell Technologies","HARDWARE",,"CRDB BANK PLC","",,"3572412594","3yr, 10mo, 28d","Not Eligible",,"",,"Active","ProSupport","January 31, 2026","273711544",,"DAR ES SALAAM","Tanzania, United Republic of"
"3V63KF3","3V63KF3","Dell EMC Unity XT 480",,"Installed","Dell Technologies","HARDWARE",,"CRDB BANK PLC","",,"3572412594","3yr, 10mo, 28d","Not Eligible",,"",,"Active","ProSupport","January 31, 2026","273711544",,"DAR ES SALAAM","Tanzania, United Republic of"
"423VC64",,"PowerEdge R760",,"Not Installed","Dell Technologies","HARDWARE",,"CRDB BANK PLC","",,"3572412594","11mo, 22d","Not Configured",,"OTHER",,"Active","ProSupport","February 18, 2028","1011380955",,"DAR ES SALAAM","TZ"
"44JJN44",,"VxRail E660F",,"Not Installed","Dell Technologies","HARDWARE",,"CRDB BANK PLC","",,"3572412594","1yr, 2mo, 15d","Not Eligible",,"",,,,,"1008156510","June 30, 2030","DAR ES SALAAM","Tanzania, United Republic of"
"47JJN44",,"VxRail E660F",,"Not Installed","Dell Technologies","HARDWARE",,"CRDB BANK PLC","",,"3572412594","1yr, 2mo, 15d","Not Eligible",,"",,,,,"1008156511","June 30, 2030","DAR ES SALAAM","Tanzania, United Republic of"
"73Y9BV3",,"Dell EMC Networking N3200-ON",,"Not Installed","Dell Technologies","HARDWARE",,"CRDB BANK PLC","",,"3572412594","11mo, 23d","Not Configured",,"OTHER",,"Active","ProSupport","February 18, 2028","1011380952",,"DAR ES SALAAM","TZ"
"79JJN44",,"VxRail E660F",,"Not Installed","Dell Technologies","HARDWARE",,"CRDB BANK PLC","",,"3572412594","1yr, 2mo, 15d","Not Eligible",,"",,,,,"1008156513","June 30, 2030","DAR ES SALAAM","Tanzania, United Republic of"
"7X6RX54",,"PowerProtect Cyber Recovery",,"Installed","Dell Technologies","SOFTWARE",,"CRDB BANK PLC","",,"3572412594","4mo, 3d","Not Eligible",,"",,"Ended",,,"1011380950",,"DAR ES SALAAM","TZ"
"9FJJN44",,"VxRail E660F",,"Not Installed","Dell Technologies","HARDWARE",,"CRDB BANK PLC","",,"3572412594","1yr, 2mo, 15d","Not Eligible",,"",,,,,"1008156515","June 30, 2030","DAR ES SALAAM","Tanzania, United Republic of"
"B1CQR74","B1CQR74","Dell EMC Unity XT 480",,"Installed","Dell Technologies","HARDWARE",,"CRDB BANK PLC","",,"3572412594","4mo, 26d","Not Eligible",,"",,"Active","ProSupport","July 29, 2026","1018649286",,"DAR ES SALAAM","TZ"
"C5JJN44",,"VxRail E660F",,"Not Installed","Dell Technologies","HARDWARE",,"CRDB BANK PLC","",,"3572412594","1yr, 2mo, 15d","Not Eligible",,"",,,,,"1008156509","June 30, 2030","DAR ES SALAAM","Tanzania, United Republic of"
"CC4CT64","CC4CT64","DD6400 Appliance",,"Installed","Dell Technologies","HARDWARE",,"CRDB BANK PLC","",,"3572412594","4mo, 29d","Not Eligible",,"",,"Active","ProSupport","November 29, 2027","1011380949","June 30, 2030","DAR ES SALAAM","Tanzania, United Republic of"
"CKM01214405040","3VP2KF3","Dell EMC Unity XT 480",,"Installed","Dell Technologies","HARDWARE",,"CRDB BANK PLC","",,"3572412594","3yr, 10mo, 28d","Connected","2025-10-21 03:33:12","Secure Connect Gateway - Appliance v5","< 1d","Active","ProSupport","January 31, 2026","273711544",,"DAR ES SALAAM","Tanzania, United Republic of"
"CKM01214405041","3V44KF3","Dell EMC Unity XT 480",,"Installed","Dell Technologies","HARDWARE",,"CRDB BANK PLC","",,"3572412594","3yr, 10mo, 28d","Connected","2025-10-20 03:04:38","Secure Connect Gateway - Appliance v5","1d","Active","ProSupport","January 31, 2026","273711544",,"DAR ES SALAAM","Tanzania, United Republic of"
"CRK00240116553","CRK00240116553","DD6400 Appliance",,"Installed","Dell Technologies","HARDWARE",,"CRDB BANK PLC","",,"3572412594","1yr, 7mo, 2d","Connected","2025-10-20 06:39:43","Secure Connect Gateway - Appliance v5","1d","Active","ProSupport Plus","March 07, 2027","1000901883","June 30, 2030","DAR ES SALAAM","Tanzania, United Republic of"
"CRK00240121776",,"DD6400 Appliance",,"Installed","Dell Technologies","HARDWARE","7.7.4.0","CRDB BANK PLC","",,"3572412594","1yr, 8mo, 13d","Not Connected","2025-04-16 07:04:27","Secure Connect Gateway - Appliance v5","6mo, 5d","Active","ProSupport Plus","March 07, 2027","99999","June 30, 2030","DAR ES SALAAM","Tanzania, United Republic of"
"CRK00244316223","CRK00244316223","DD6400 Appliance",,"Installed","Dell Technologies","HARDWARE","7.0.0.5","CRDB BANK PLC","",,"3572412594","8mo, 27d","Not Configured",,"OTHER",,"Active","ProSupport","November 29, 2027","1011380949","June 30, 2030","DAR ES SALAAM","Tanzania, United Republic of"
"DE00000307238338",,"RecoverPoint for Virtual Machines",,"Installed","Dell Technologies","SOFTWARE",,"CRDB BANK PLC","",,"3572412594","4yr, 8mo, 13d","Not Eligible",,"",,"Active","ProSupport For Software","January 31, 2026","273534930",,"DAR ES SALAAM","Tanzania, United Republic of"
"DE00000307238339",,"RecoverPoint for Virtual Machines",,"Installed","Dell Technologies","SOFTWARE",,"CRDB BANK PLC","",,"3572412594","4yr, 8mo, 13d","Not Eligible",,"",,"Active","ProSupport For Software","January 31, 2026","273534930",,"DAR ES SALAAM","Tanzania, United Republic of"
"DE00000307238340",,"RecoverPoint for Virtual Machines",,"Installed","Dell Technologies","SOFTWARE",,"CRDB BANK PLC","",,"3572412594","4yr, 8mo, 13d","Not Eligible",,"",,"Active","ProSupport For Software","January 31, 2026","273534930",,"DAR ES SALAAM","Tanzania, United Republic of"
"DE00000307238341",,"RecoverPoint for Virtual Machines",,"Installed","Dell Technologies","SOFTWARE",,"CRDB BANK PLC","",,"3572412594","4yr, 8mo, 13d","Not Eligible",,"",,"Active","ProSupport For Software","January 31, 2026","273534930",,"DAR ES SALAAM","Tanzania, United Republic of"
"DE00000307238343",,"RecoverPoint for Virtual Machines",,"Installed","Dell Technologies","SOFTWARE",,"CRDB BANK PLC","",,"3572412594","4yr, 8mo, 13d","Not Eligible",,"",,"Active","ProSupport For Software","January 31, 2026","273534930",,"DAR ES SALAAM","Tanzania, United Republic of"
"DE00000307238344",,"RecoverPoint for Virtual Machines",,"Installed","Dell Technologies","SOFTWARE",,"CRDB BANK PLC","",,"3572412594","4yr, 8mo, 13d","Not Eligible",,"",,"Active","ProSupport For Software","January 31, 2026","273534930",,"DAR ES SALAAM","Tanzania, United Republic of"
"DE00000307238345",,"RecoverPoint for Virtual Machines",,"Installed","Dell Technologies","SOFTWARE",,"CRDB BANK PLC","",,"3572412594","4yr, 8mo, 13d","Not Eligible",,"",,"Active","ProSupport For Software","January 31, 2026","273534930",,"DAR ES SALAAM","Tanzania, United Republic of"
"DE00000307238346",,"RecoverPoint for Virtual Machines",,"Installed","Dell Technologies","SOFTWARE",,"CRDB BANK PLC","",,"3572412594","4yr, 8mo, 13d","Not Eligible",,"",,"Active","ProSupport For Software","January 31, 2026","273534930",,"DAR ES SALAAM","Tanzania, United Republic of"
"DE00000319066774",,"RecoverPoint for Virtual Machines",,"Installed","Dell Technologies","SOFTWARE",,"CRDB BANK PLC","",,"3572412594","4yr, 2mo, 19d","Not Eligible",,"",,"Active","ProSupport For Software","January 31, 2026","273649765",,"DAR ES SALAAM","Tanzania, United Republic of"
"DE00000319066775",,"RecoverPoint for Virtual Machines",,"Installed","Dell Technologies","SOFTWARE",,"CRDB BANK PLC","",,"3572412594","4yr, 2mo, 19d","Not Eligible",,"",,"Active","ProSupport For Software","January 31, 2026","273649765",,"DAR ES SALAAM","Tanzania, United Republic of"
"DE00000319066776",,"RecoverPoint for Virtual Machines",,"Installed","Dell Technologies","SOFTWARE",,"CRDB BANK PLC","",,"3572412594","4yr, 2mo, 19d","Not Eligible",,"",,"Active","ProSupport For Software","January 31, 2026","273649765",,"DAR ES SALAAM","Tanzania, United Republic of"
"DE00000319066777",,"RecoverPoint for Virtual Machines",,"Installed","Dell Technologies","SOFTWARE",,"CRDB BANK PLC","",,"3572412594","4yr, 2mo, 19d","Not Eligible",,"",,"Active","ProSupport For Software","January 31, 2026","273649765",,"DAR ES SALAAM","Tanzania, United Republic of"
"DE00000319066778",,"RecoverPoint for Virtual Machines",,"Installed","Dell Technologies","SOFTWARE",,"CRDB BANK PLC","",,"3572412594","4yr, 2mo, 19d","Not Eligible",,"",,"Active","ProSupport For Software","January 31, 2026","273649765",,"DAR ES SALAAM","Tanzania, United Republic of"
"DE00000319066779",,"RecoverPoint for Virtual Machines",,"Installed","Dell Technologies","SOFTWARE",,"CRDB BANK PLC","",,"3572412594","4yr, 2mo, 19d","Not Eligible",,"",,"Active","ProSupport For Software","January 31, 2026","273649765",,"DAR ES SALAAM","Tanzania, United Republic of"
"DE600210534233","2VMZVB3","VxRail P570F",,"Installed","Dell Technologies","HARDWARE",,"CRDB BANK PLC","",,"3572412594","4yr, 28d","Connected","2025-10-21 03:42:45","Secure Connect Gateway - Virtual Appliance v5","< 1d","Active","ProSupport","January 31, 2026","273534930","September 30, 2027","DAR ES SALAAM","Tanzania, United Republic of"
"DE600210534234","3VMZVB3","VxRail P570F",,"Installed","Dell Technologies","HARDWARE",,"CRDB BANK PLC","",,"3572412594","4yr, 28d","Connected","2025-10-21 03:42:45","Secure Connect Gateway - Virtual Appliance v5","< 1d","Active","ProSupport","January 31, 2026","273534930","September 30, 2027","DAR ES SALAAM","Tanzania, United Republic of"
"DE600210534235","4VMZVB3","VxRail P570F",,"Installed","Dell Technologies","HARDWARE",,"CRDB BANK PLC","",,"3572412594","4yr, 28d","Connected","2025-10-21 03:42:45","Secure Connect Gateway - Virtual Appliance v5","< 1d","Active","ProSupport","January 31, 2026","273534930","September 30, 2027","DAR ES SALAAM","Tanzania, United Republic of"
"DE600210534236","5VMZVB3","VxRail P570F",,"Installed","Dell Technologies","HARDWARE","7.0.320-27377804","CRDB BANK PLC","",,"3572412594","4yr, 1mo","Not Connected","2023-03-07 06:13:26","Secure Connect Gateway - Virtual Appliance v3","2yr, 7mo, 14d","Active","ProSupport","January 31, 2026","273534930","September 30, 2027","DAR ES SALAAM","Tanzania, United Republic of"
"DE600210534237","6VMZVB3","VxRail P570F",,"Installed","Dell Technologies","HARDWARE",,"CRDB BANK PLC","",,"3572412594","4yr, 27d","Connected","2025-10-21 03:42:45","Secure Connect Gateway - Virtual Appliance v5","< 1d","Active","ProSupport","January 31, 2026","273534930","September 30, 2027","DAR ES SALAAM","Tanzania, United Republic of"
"DE600210534238","7VMZVB3","VxRail P570F",,"Installed","Dell Technologies","HARDWARE","7.0.320-27377804","CRDB BANK PLC","",,"3572412594","4yr, 1mo","Not Connected","2023-03-07 06:13:26","OTHER","2yr, 7mo, 14d","Active","ProSupport","January 31, 2026","273534930","September 30, 2027","DAR ES SALAAM","Tanzania, United Republic of"
"DE600210534239","8VMZVB3","VxRail P570F",,"Installed","Dell Technologies","HARDWARE","7.0.320-27377804","CRDB BANK PLC","",,"3572412594","4yr, 26d","Not Connected","2023-03-07 06:13:26","OTHER","2yr, 7mo, 14d","Active","ProSupport","January 31, 2026","273534930","September 30, 2027","DAR ES SALAAM","Tanzania, United Republic of"
"DE600210534240","9VMZVB3","VxRail P570F",,"Installed","Dell Technologies","HARDWARE","7.0.320-27377804","CRDB BANK PLC","",,"3572412594","4yr, 1mo","Not Connected","2023-03-07 06:13:26","OTHER","2yr, 7mo, 14d","Active","ProSupport","January 31, 2026","273534930","September 30, 2027","DAR ES SALAAM","Tanzania, United Republic of"
"DE600213044675","52DK5G3","VxRail P570F",,"Installed","Dell Technologies","HARDWARE","7.0.320-27377804","CRDB BANK PLC","",,"3572412594","4yr, 1mo","Not Connected","2023-03-07 05:21:46","OTHER","2yr, 7mo, 14d","Active","ProSupport","January 31, 2026","273649765","September 30, 2027","Nairobi","KE"
"DE600213044676","62DK5G3","VxRail P570F",,"Installed","Dell Technologies","HARDWARE","7.0.320-27377804","CRDB BANK PLC","",,"3572412594","4yr, 27d","Not Connected","2023-03-27 03:39:24","Secure Connect Gateway - Appliance v5","2yr, 6mo, 24d","Active","ProSupport","January 31, 2026","273649765","September 30, 2027","Nairobi","KE"
"DE600213044677","72DK5G3","VxRail P570F",,"Installed","Dell Technologies","HARDWARE","7.0.320-27377804","CRDB BANK PLC","",,"3572412594","4yr, 27d","Not Connected","2023-03-27 03:39:24","Secure Connect Gateway - Virtual Appliance v5","2yr, 6mo, 24d","Active","ProSupport","January 31, 2026","273649765","September 30, 2027","Nairobi","KE"
"DE600213044678","82DK5G3","VxRail P570F",,"Installed","Dell Technologies","HARDWARE","7.0.320-27377804","CRDB BANK PLC","",,"3572412594","4yr, 27d","Not Connected","2023-03-27 03:39:24","Secure Connect Gateway - Virtual Appliance v5","2yr, 6mo, 24d","Active","ProSupport","January 31, 2026","273649765","September 30, 2027","Nairobi","KE"
"DE600213044679","92DK5G3","VxRail P570F",,"Installed","Dell Technologies","HARDWARE","7.0.320-27377804","CRDB BANK PLC","",,"3572412594","4yr, 1mo","Not Connected","2023-03-07 05:21:46","Secure Connect Gateway - Virtual Appliance v3","2yr, 7mo, 14d","Active","ProSupport","January 31, 2026","273649765","September 30, 2027","Nairobi","KE"
"DE600213044680","B2DK5G3","VxRail P570F",,"Installed","Dell Technologies","HARDWARE","7.0.320-27377804","CRDB BANK PLC","",,"3572412594","4yr, 1mo","Not Connected","2023-03-07 05:21:46","Secure Connect Gateway - Appliance v5","2yr, 7mo, 14d","Active","ProSupport","January 31, 2026","273649765","September 30, 2027","Nairobi","KE"
"DE600220253999","1FW2FM3","VxRail P570F",,"Installed","Dell Technologies","HARDWARE","7.0.371-27538721","CRDB BANK PLC","",,"3572412594","2yr, 6mo, 17d","Not Connected","2025-07-02 03:26:15","Secure Connect Gateway - Virtual Appliance v5","3mo, 19d","Active","ProSupport","January 31, 2026","273758689","September 30, 2027","Nairobi","KE"
"DE600220254000","2FW2FM3","VxRail P570F",,"Installed","Dell Technologies","HARDWARE","7.0.371-27538721","CRDB BANK PLC","",,"3572412594","2yr, 6mo, 17d","Not Connected","2025-07-02 03:26:15","Secure Connect Gateway - Virtual Appliance v5","3mo, 19d","Active","ProSupport","January 31, 2026","273758689","September 30, 2027","Nairobi","KE"
"DE600220254001","3FW2FM3","VxRail P570F",,"Installed","Dell Technologies","HARDWARE","7.0.371-27538721","CRDB BANK PLC","",,"3572412594","2yr, 6mo, 17d","Not Connected","2025-07-02 03:26:15","Secure Connect Gateway - Appliance v5","3mo, 19d","Active","ProSupport","January 31, 2026","273758689","September 30, 2027","Nairobi","KE"
"DE600220254133","H2QDJM3","VxRail P570F",,"Installed","Dell Technologies","HARDWARE","7.0.320-27377804","CRDB BANK PLC","",,"3572412594","3yr, 6mo, 2d","Not Connected","2023-03-27 03:39:24","Secure Connect Gateway - Virtual Appliance v5","2yr, 6mo, 24d","Active","ProSupport","January 31, 2026","273758891","September 30, 2027","Nairobi","KE"
"DE600220254134","J2QDJM3","VxRail P570F",,"Installed","Dell Technologies","HARDWARE","7.0.320-27377804","CRDB BANK PLC","",,"3572412594","3yr, 6mo, 2d","Not Connected","2023-03-27 03:39:24","Secure Connect Gateway - Virtual Appliance v5","2yr, 6mo, 24d","Active","ProSupport","January 31, 2026","273758891","September 30, 2027","Nairobi","KE"
"DE600220254135","13QDJM3","VxRail P570F",,"Installed","Dell Technologies","HARDWARE","7.0.320-27377804","CRDB BANK PLC","",,"3572412594","3yr, 6mo, 1d","Not Connected","2023-03-07 05:21:46","OTHER","2yr, 7mo, 14d","Active","ProSupport","January 31, 2026","273758891","September 30, 2027","Nairobi","KE"
"DE600220254136","23QDJM3","VxRail P570F",,"Installed","Dell Technologies","HARDWARE","7.0.371-27538721","CRDB BANK PLC","",,"3572412594","3yr, 6mo, 1d","Not Connected","2025-07-02 03:26:15","Secure Connect Gateway - Virtual Appliance v5","3mo, 19d","Active","ProSupport","January 31, 2026","273758891","September 30, 2027","Nairobi","KE"
"DE600220254137","33QDJM3","VxRail P570F",,"Installed","Dell Technologies","HARDWARE","7.0.320-27377804","CRDB BANK PLC","",,"3572412594","3yr, 6mo, 1d","Not Connected","2023-03-07 05:21:46","Secure Connect Gateway - Virtual Appliance v3","2yr, 7mo, 14d","Active","ProSupport","January 31, 2026","273758891","September 30, 2027","Nairobi","KE"
"DE600220254138","43QDJM3","VxRail P570F",,"Installed","Dell Technologies","HARDWARE","7.0.320-27377804","CRDB BANK PLC","",,"3572412594","3yr, 6mo, 1d","Not Connected","2023-03-07 05:21:46","Secure Connect Gateway - Virtual Appliance v3","2yr, 7mo, 14d","Active","ProSupport","January 31, 2026","273758891","September 30, 2027","Nairobi","KE"
"DE600224877482","JT5DZT3","VxRail P570F",,"Installed","Dell Technologies","HARDWARE",,"CRDB BANK PLC","",,"3572412594","2yr, 10mo, 18d","Connected","2025-10-21 03:26:31","Secure Connect Gateway - Appliance v5","< 1d","Active","ProSupport","January 31, 2026","273950375","September 30, 2027","DAR ES SALAAM","Tanzania, United Republic of"
"DE600224877483","1V5DZT3","VxRail P570F",,"Installed","Dell Technologies","HARDWARE",,"CRDB BANK PLC","",,"3572412594","2yr, 10mo, 18d","Connected","2025-10-21 03:26:31","Secure Connect Gateway - Virtual Appliance v5","< 1d","Active","ProSupport","January 31, 2026","273950375","September 30, 2027","DAR ES SALAAM","Tanzania, United Republic of"
"DE600224877484","2V5DZT3","VxRail P570F",,"Installed","Dell Technologies","HARDWARE",,"CRDB BANK PLC","",,"3572412594","2yr, 10mo, 18d","Connected","2025-10-21 03:26:31","Secure Connect Gateway - Virtual Appliance v5","< 1d","Active","ProSupport","January 31, 2026","273950375","September 30, 2027","DAR ES SALAAM","Tanzania, United Republic of"
"DE600224877485","3V5DZT3","VxRail P570F",,"Installed","Dell Technologies","HARDWARE","4.5.215-8993686","CRDB BANK PLC","",,"3572412594","2yr, 6mo, 27d","Not Connected",,"OTHER",,"Active","ProSupport","January 31, 2026","273950375","September 30, 2027","DAR ES SALAAM","Tanzania, United Republic of"
"DE600224877486","4V5DZT3","VxRail P570F",,"Installed","Dell Technologies","HARDWARE",,"CRDB BANK PLC","",,"3572412594","2yr, 10mo, 18d","Connected","2025-10-21 03:26:31","Secure Connect Gateway - Virtual Appliance v5","< 1d","Active","ProSupport","January 31, 2026","273950375","September 30, 2027","DAR ES SALAAM","Tanzania, United Republic of"
"DE600224877487","5V5DZT3","VxRail P570F",,"Installed","Dell Technologies","HARDWARE","4.5.215-8993686","CRDB BANK PLC","",,"3572412594","2yr, 6mo, 27d","Not Connected",,"OTHER",,"Active","ProSupport","January 31, 2026","273950375","September 30, 2027","DAR ES SALAAM","Tanzania, United Republic of"
"DE600224877488","6V5DZT3","VxRail P570F",,"Installed","Dell Technologies","HARDWARE",,"CRDB BANK PLC","",,"3572412594","2yr, 7mo, 4d","Connected","2025-10-21 03:42:45","Secure Connect Gateway - Virtual Appliance v5","< 1d","Active","ProSupport","January 31, 2026","273950375","September 30, 2027","DAR ES SALAAM","Tanzania, United Republic of"
"DE600224877489","7V5DZT3","VxRail P570F",,"Installed","Dell Technologies","HARDWARE",,"CRDB BANK PLC","",,"3572412594","2yr, 7mo, 4d","Connected","2025-10-21 03:42:45","Secure Connect Gateway - Virtual Appliance v5","< 1d","Active","ProSupport","January 31, 2026","273950375","September 30, 2027","DAR ES SALAAM","Tanzania, United Republic of"
"DE600224877490","8V5DZT3","VxRail P570F",,"Installed","Dell Technologies","HARDWARE",,"CRDB BANK PLC","",,"3572412594","2yr, 7mo, 4d","Connected","2025-10-21 03:42:45","Secure Connect Gateway - Virtual Appliance v5","< 1d","Active","ProSupport","January 31, 2026","273950375","September 30, 2027","DAR ES SALAAM","Tanzania, United Republic of"
"DE600234395540","9S17B04","VxRail P670F",,"Installed","Dell Technologies","HARDWARE","8.0.100-28093095","CRDB BANK PLC","",,"3572412594","7mo, 11d","Not Connected",,"OTHER",,"Active","ProSupport","December 03, 2026","714361873","June 30, 2030","DAR ES SALAAM","Tanzania, United Republic of"
"DE600234395541","BS17B04","VxRail P670F",,"Installed","Dell Technologies","HARDWARE","8.0.100-28093095","CRDB BANK PLC","",,"3572412594","7mo, 11d","Not Connected",,"OTHER",,"Active","ProSupport","December 03, 2026","714361873","June 30, 2030","DAR ES SALAAM","Tanzania, United Republic of"
"DE600234395542","CS17B04","VxRail P670F",,"Installed","Dell Technologies","HARDWARE",,"CRDB BANK PLC","",,"3572412594","1yr, 3mo, 9d","Connected","2025-10-21 03:23:27","OTHER","< 1d","Active","ProSupport","December 03, 2026","714361873","June 30, 2030","DAR ES SALAAM","Tanzania, United Republic of"
"DE600234395543","DS17B04","VxRail P670F",,"Installed","Dell Technologies","HARDWARE","8.0.100-28093095","CRDB BANK PLC","",,"3572412594","7mo, 11d","Not Connected",,"OTHER",,"Active","ProSupport","December 03, 2026","714361873","June 30, 2030","DAR ES SALAAM","Tanzania, United Republic of"
"DE600234395544","FS17B04","VxRail P670F",,"Installed","Dell Technologies","HARDWARE",,"CRDB BANK PLC","",,"3572412594","1yr, 3mo, 9d","Connected","2025-10-21 03:23:27","OTHER","< 1d","Active","ProSupport","December 03, 2026","714361873","June 30, 2030","DAR ES SALAAM","Tanzania, United Republic of"
"DE600241600934","904F434","VxRail P670F",,"Installed","Dell Technologies","HARDWARE","8.0.100-28093095","CRDB BANK PLC","",,"3572412594","7mo, 11d","Not Connected",,"OTHER",,"Active","ProSupport","April 27, 2027","1004174577","June 30, 2030","DAR ES SALAAM","Tanzania, United Republic of"
"DE600241600935","B04F434","VxRail P670F",,"Installed","Dell Technologies","HARDWARE",,"CRDB BANK PLC","",,"3572412594","1yr, 3mo, 9d","Connected","2025-10-21 03:23:27","Secure Connect Gateway - Appliance v5","< 1d","Active","ProSupport","April 27, 2027","1004174577","June 30, 2030","DAR ES SALAAM","Tanzania, United Republic of"
"DE600241600936","C04F434","VxRail P670F",,"Installed","Dell Technologies","HARDWARE",,"CRDB BANK PLC","",,"3572412594","1yr, 3mo, 9d","Connected","2025-10-21 03:23:27","OTHER","< 1d","Active","ProSupport","April 27, 2027","1004174577","June 30, 2030","DAR ES SALAAM","Tanzania, United Republic of"
"DE600241600937","D04F434","VxRail P670F",,"Installed","Dell Technologies","HARDWARE",,"CRDB BANK PLC","",,"3572412594","1yr, 3mo, 9d","Connected","2025-10-21 03:23:27","OTHER","< 1d","Active","ProSupport","April 27, 2027","1004174577","June 30, 2030","DAR ES SALAAM","Tanzania, United Republic of"
"DE600241600938","F04F434","VxRail P670F",,"Installed","Dell Technologies","HARDWARE",,"CRDB BANK PLC","",,"3572412594","1yr, 3mo, 9d","Connected","2025-10-21 03:23:27","OTHER","< 1d","Active","ProSupport","April 27, 2027","1004174577","June 30, 2030","DAR ES SALAAM","Tanzania, United Republic of"
"DE600241600939","G04F434","VxRail P670F",,"Installed","Dell Technologies","HARDWARE",,"CRDB BANK PLC","",,"3572412594","1yr, 3mo, 9d","Connected","2025-10-21 03:23:27","OTHER","< 1d","Active","ProSupport","April 27, 2027","1004174577","June 30, 2030","DAR ES SALAAM","Tanzania, United Republic of"
"DE600241600940","H04F434","VxRail P670F",,"Installed","Dell Technologies","HARDWARE",,"CRDB BANK PLC","",,"3572412594","1yr, 3mo, 9d","Connected","2025-10-21 03:23:27","OTHER","< 1d","Active","ProSupport","April 27, 2027","1004174577","June 30, 2030","DAR ES SALAAM","Tanzania, United Republic of"
"DE600241600941","J04F434","VxRail P670F",,"Installed","Dell Technologies","HARDWARE",,"CRDB BANK PLC","",,"3572412594","1yr, 3mo, 1d","Connected","2025-10-21 03:23:27","OTHER","< 1d","Active","ProSupport","April 27, 2027","1004174577","June 30, 2030","DAR ES SALAAM","Tanzania, United Republic of"
"DE600241600942","114F434","VxRail P670F",,"Installed","Dell Technologies","HARDWARE","8.0.100-28093095","CRDB BANK PLC","",,"3572412594","7mo, 11d","Not Connected",,"OTHER",,"Active","ProSupport","April 27, 2027","1004174577","June 30, 2030","DAR ES SALAAM","Tanzania, United Republic of"
"DE600241600943","214F434","VxRail P670F",,"Installed","Dell Technologies","HARDWARE","8.0.100-28093095","CRDB BANK PLC","",,"3572412594","7mo, 11d","Not Connected",,"OTHER",,"Active","ProSupport","April 27, 2027","1004174577","June 30, 2030","DAR ES SALAAM","Tanzania, United Republic of"
"DE600241600944","314F434","VxRail P670F",,"Installed","Dell Technologies","HARDWARE","8.0.100-28093095","CRDB BANK PLC","",,"3572412594","7mo, 11d","Not Connected",,"OTHER",,"Active","ProSupport","April 29, 2027","1004174578","June 30, 2030","DAR ES SALAAM","Tanzania, United Republic of"
"DE600241600945","414F434","VxRail P670F",,"Installed","Dell Technologies","HARDWARE","8.0.100-28093095","CRDB BANK PLC","",,"3572412594","7mo, 11d","Not Connected",,"OTHER",,"Active","ProSupport","April 29, 2027","1004174578","June 30, 2030","DAR ES SALAAM","Tanzania, United Republic of"
"DE600241600946","514F434","VxRail P670F",,"Installed","Dell Technologies","HARDWARE","8.0.100-28093095","CRDB BANK PLC","",,"3572412594","7mo, 11d","Not Connected",,"OTHER",,"Active","ProSupport","April 29, 2027","1004174578","June 30, 2030","DAR ES SALAAM","Tanzania, United Republic of"
"DLF0000355024754",,"RecoverPoint for Virtual Machines",,"Installed","Dell Technologies","SOFTWARE","Not Managed","CRDB BANK PLC","",,"3572412594","2yr, 7mo, 6d","Not Eligible",,"",,"Active","ProSupport For Software","December 30, 2025","99999",,"DAR ES SALAAM","Tanzania, United Republic of"
"DLF0000355024756",,"RecoverPoint for Virtual Machines",,"Installed","Dell Technologies","SOFTWARE","Not Managed","CRDB BANK PLC","",,"3572412594","2yr, 10mo, 18d","Not Eligible",,"",,"Active","ProSupport For Software","December 30, 2025","99999",,"DAR ES SALAAM","Tanzania, United Republic of"
"DLF0000355024757",,"RecoverPoint for Virtual Machines",,"Installed","Dell Technologies","SOFTWARE","Not Managed","CRDB BANK PLC","",,"3572412594","2yr, 10mo, 18d","Not Eligible",,"",,"Active","ProSupport For Software","December 30, 2025","99999",,"DAR ES SALAAM","Tanzania, United Republic of"
"DLF0000355024787",,"RecoverPoint for Virtual Machines",,"Installed","Dell Technologies","SOFTWARE","Not Managed","CRDB BANK PLC","",,"3572412594","2yr, 10mo, 18d","Not Eligible",,"",,"Active","ProSupport For Software","December 30, 2025","99999",,"DAR ES SALAAM","Tanzania, United Republic of"
"DLF0000355024788",,"RecoverPoint for Virtual Machines",,"Installed","Dell Technologies","SOFTWARE","Not Managed","CRDB BANK PLC","",,"3572412594","2yr, 10mo, 18d","Not Eligible",,"",,"Active","ProSupport For Software","December 30, 2025","99999",,"DAR ES SALAAM","Tanzania, United Republic of"
"DLF0000355024798",,"RecoverPoint for Virtual Machines",,"Installed","Dell Technologies","SOFTWARE","Not Managed","CRDB BANK PLC","",,"3572412594","2yr, 10mo, 18d","Not Eligible",,"",,"Active","ProSupport For Software","December 30, 2025","99999",,"DAR ES SALAAM","Tanzania, United Republic of"
"DLF0000355024799",,"RecoverPoint for Virtual Machines",,"Installed","Dell Technologies","SOFTWARE","Not Managed","CRDB BANK PLC","",,"3572412594","2yr, 7mo, 6d","Not Eligible",,"",,"Active","ProSupport For Software","December 30, 2025","99999",,"DAR ES SALAAM","Tanzania, United Republic of"
"DLF0000355024806",,"RecoverPoint for Virtual Machines",,"Installed","Dell Technologies","SOFTWARE","Not Managed","CRDB BANK PLC","",,"3572412594","2yr, 10mo, 18d","Not Eligible",,"",,"Active","ProSupport For Software","December 30, 2025","99999",,"DAR ES SALAAM","Tanzania, United Republic of"
"DLF0000355024817",,"RecoverPoint for Virtual Machines",,"Installed","Dell Technologies","SOFTWARE","Not Managed","CRDB BANK PLC","",,"3572412594","2yr, 10mo, 18d","Not Eligible",,"",,"Active","ProSupport For Software","December 30, 2025","99999",,"DAR ES SALAAM","Tanzania, United Republic of"
"DLF0000391163022","DLF0000391163022","RecoverPoint for Virtual Machines",,"Installed","Dell Technologies","SOFTWARE",,"CRDB BANK PLC","",,"3572412594","1yr, 11mo, 24d","Not Eligible",,"",,"Active","ProSupport For Software","October 27, 2026","714361872",,"DAR ES SALAAM","Tanzania, United Republic of"
"DLF0000391163023","DLF0000391163023","RecoverPoint for Virtual Machines",,"Installed","Dell Technologies","SOFTWARE",,"CRDB BANK PLC","",,"3572412594","1yr, 11mo, 24d","Not Eligible",,"",,"Active","ProSupport For Software","October 27, 2026","714361872",,"DAR ES SALAAM","Tanzania, United Republic of"
"DLF0000391163024","DLF0000391163024","RecoverPoint for Virtual Machines",,"Installed","Dell Technologies","SOFTWARE","Not Managed","CRDB BANK PLC","",,"3572412594","1yr, 11mo, 24d","Not Eligible",,"",,"Active","ProSupport For Software","October 27, 2026","714361872",,"DAR ES SALAAM","Tanzania, United Republic of"
"DLF0000391163025","DLF0000391163025","RecoverPoint for Virtual Machines",,"Installed","Dell Technologies","SOFTWARE","Not Managed","CRDB BANK PLC","",,"3572412594","1yr, 11mo, 24d","Not Eligible",,"",,"Active","ProSupport For Software","October 27, 2026","714361872",,"DAR ES SALAAM","Tanzania, United Republic of"
"DLF0000391163026","DLF0000391163026","RecoverPoint for Virtual Machines",,"Installed","Dell Technologies","SOFTWARE","Not Managed","CRDB BANK PLC","",,"3572412594","1yr, 11mo, 24d","Not Eligible",,"",,"Active","ProSupport For Software","October 27, 2026","714361872",,"DAR ES SALAAM","Tanzania, United Republic of"
"DLF0000401263057",,"RecoverPoint for Virtual Machines",,"Installed","Dell Technologies","SOFTWARE","Not Managed","CRDB BANK PLC","",,"3572412594","1yr, 5mo, 27d","Not Eligible",,"",,"Active","ProSupport For Software","April 24, 2027","99999",,"DAR ES SALAAM","Tanzania, United Republic of"
"DLF0000401263058",,"RecoverPoint for Virtual Machines",,"Installed","Dell Technologies","SOFTWARE","Not Managed","CRDB BANK PLC","",,"3572412594","1yr, 5mo, 27d","Not Eligible",,"",,"Active","ProSupport For Software","April 24, 2027","99999",,"DAR ES SALAAM","Tanzania, United Republic of"
"DLF0000401263059",,"RecoverPoint for Virtual Machines",,"Installed","Dell Technologies","SOFTWARE","Not Managed","CRDB BANK PLC","",,"3572412594","1yr, 5mo, 27d","Not Eligible",,"",,"Active","ProSupport For Software","April 24, 2027","99999",,"DAR ES SALAAM","Tanzania, United Republic of"
"DLF0000401263060",,"RecoverPoint for Virtual Machines",,"Installed","Dell Technologies","SOFTWARE","Not Managed","CRDB BANK PLC","",,"3572412594","1yr, 5mo, 27d","Not Eligible",,"",,"Active","ProSupport For Software","April 24, 2027","99999",,"DAR ES SALAAM","Tanzania, United Republic of"
"DLF0000401263061",,"RecoverPoint for Virtual Machines",,"Installed","Dell Technologies","SOFTWARE","Not Managed","CRDB BANK PLC","",,"3572412594","1yr, 5mo, 27d","Not Eligible",,"",,"Active","ProSupport For Software","April 24, 2027","99999",,"DAR ES SALAAM","Tanzania, United Republic of"
"DLF0000401263062",,"RecoverPoint for Virtual Machines",,"Installed","Dell Technologies","SOFTWARE","Not Managed","CRDB BANK PLC","",,"3572412594","1yr, 5mo, 27d","Not Eligible",,"",,"Active","ProSupport For Software","April 24, 2027","99999",,"DAR ES SALAAM","Tanzania, United Republic of"
"DLF0000401263063",,"RecoverPoint for Virtual Machines",,"Installed","Dell Technologies","SOFTWARE","Not Managed","CRDB BANK PLC","",,"3572412594","1yr, 5mo, 27d","Not Eligible",,"",,"Active","ProSupport For Software","April 24, 2027","99999",,"DAR ES SALAAM","Tanzania, United Republic of"
"DLF0000401263064",,"RecoverPoint for Virtual Machines",,"Installed","Dell Technologies","SOFTWARE","Not Managed","CRDB BANK PLC","",,"3572412594","1yr, 5mo, 27d","Not Eligible",,"",,"Active","ProSupport For Software","April 24, 2027","99999",,"DAR ES SALAAM","Tanzania, United Republic of"
"DLF0000401263065",,"RecoverPoint for Virtual Machines",,"Installed","Dell Technologies","SOFTWARE","Not Managed","CRDB BANK PLC","",,"3572412594","1yr, 5mo, 27d","Not Eligible",,"",,"Active","ProSupport For Software","April 24, 2027","99999",,"DAR ES SALAAM","Tanzania, United Republic of"
"DLF0000401263066",,"RecoverPoint for Virtual Machines",,"Installed","Dell Technologies","SOFTWARE","Not Managed","CRDB BANK PLC","",,"3572412594","1yr, 5mo, 27d","Not Eligible",,"",,"Active","ProSupport For Software","April 24, 2027","99999",,"DAR ES SALAAM","Tanzania, United Republic of"
"DLF0000401263067",,"RecoverPoint for Virtual Machines",,"Installed","Dell Technologies","SOFTWARE","Not Managed","CRDB BANK PLC","",,"3572412594","1yr, 5mo, 27d","Not Eligible",,"",,"Active","ProSupport For Software","April 24, 2027","99999",,"DAR ES SALAAM","Tanzania, United Republic of"
"DLF0000401263068",,"RecoverPoint for Virtual Machines",,"Installed","Dell Technologies","SOFTWARE","Not Managed","CRDB BANK PLC","",,"3572412594","1yr, 5mo, 27d","Not Eligible",,"",,"Active","ProSupport For Software","April 24, 2027","99999",,"DAR ES SALAAM","Tanzania, United Republic of"
"DLF0000401263069",,"RecoverPoint for Virtual Machines",,"Installed","Dell Technologies","SOFTWARE","Not Managed","CRDB BANK PLC","",,"3572412594","1yr, 5mo, 27d","Not Eligible",,"",,"Active","ProSupport For Software","April 24, 2027","99999",,"DAR ES SALAAM","Tanzania, United Republic of"
"ELMAPL0822NVJC",,"Secure Connect Gateway - Virtual Edition",,"Installed","Dell Technologies","SOFTWARE",,"CRDB BANK PLC","",,"3572412594","3yr, 1mo, 28d","Connected","2025-10-20 10:59:00","Secure Connect Gateway - Appliance v5","1d","Active","ProSupport For Software","January 01, 2031","Not Available",,"DAR ES SALAAM","Tanzania, United Republic of"
"ELMCB00221GNRK",,"CloudBoost Virtual Appliance",,"Installed","Dell Technologies","SOFTWARE","Not Managed","CRDB BANK PLC","",,"3572412594","4yr, 3mo, 1d","Not Eligible",,"",,,"Unavailable",,"273538774",,"DAR ES SALAAM","Tanzania, United Republic of"
"ELMCR006256SL5",,"PowerProtect Cyber Recovery",,"Installed","Dell Technologies","SOFTWARE",,"CRDB BANK PLC","",,"3572412594","4mo, 4d","Not Eligible",,"",,"Ended",,,"1011380950",,"DAR ES SALAAM","TZ"
"ELMDPA0424W4S9",,"Data Protection Advisor",,"Installed","Dell Technologies","SOFTWARE","Not Managed","CRDB BANK PLC","",,"3572412594","1yr, 5mo, 26d","Not Configured",,"OTHER",,,"Unavailable",,"273538774",,"DAR ES SALAAM","Tanzania, United Republic of"
"ELMESR09219H2J",,"Secure Remote Services Virtual Edition",,"Installed","Dell Technologies","SOFTWARE",,"CRDB BANK PLC","",,"3572412594","4yr, 1mo, 14d","Not Eligible",,"",,"Active","ProSupport For Software","January 01, 2031","Not Available",,"DAR ES SALAAM","Tanzania, United Republic of"
"ELMESR0921MTQ3",,"Secure Connect Gateway - Virtual Edition",,"Installed","Dell Technologies","SOFTWARE",,"CRDB BANK PLC","",,"3572412594","4yr, 1mo","Not Connected","2022-07-27 07:33:03","OTHER","3yr, 2mo, 24d","Active","ProSupport For Software","January 01, 2031","Not Available",,"DAR ES SALAAM","Tanzania, United Republic of"
"ELMESR0921WL1Z",,"Secure Remote Services Virtual Edition",,"Installed","Dell Technologies","SOFTWARE",,"CRDB BANK PLC","",,"3572412594","4yr, 1mo, 15d","Not Eligible",,"",,"Active","ProSupport For Software","January 01, 2031","Not Available",,"DAR ES SALAAM","Tanzania, United Republic of"
"ELMESR0921XP5D",,"Secure Remote Services Virtual Edition",,"Installed","Dell Technologies","SOFTWARE",,"CRDB BANK PLC","",,"3572412594","4yr, 1mo, 7d","Not Eligible",,"",,"Active","ProSupport For Software","January 01, 2031","Not Available",,"DAR ES SALAAM","Tanzania, United Republic of"
"FKF0C14","FKF0C14","DD6400 Appliance",,"Installed","Dell Technologies","HARDWARE",,"CRDB BANK PLC","",,"3572412594","1yr, 8mo, 19d","Not Eligible",,"",,"Active","ProSupport Plus","March 07, 2027","1000901883","June 30, 2030","DAR ES SALAAM","Tanzania, United Republic of"
"FY4BNY3","FY4BNY3","DD6400 Appliance",,"Installed","Dell Technologies","HARDWARE",,"CRDB BANK PLC","",,"3572412594","1yr, 8mo, 20d","Not Eligible",,"",,"Active","ProSupport Plus","March 07, 2027","1000901882","June 30, 2030","DAR ES SALAAM","Tanzania, United Republic of"
"GQD4SR3",,"PowerSwitch S5224F-ON",,"Not Installed","Dell Technologies","HARDWARE",,"CRDB BANK PLC","",,"3572412594","11mo, 23d","Not Configured",,"OTHER",,"Active","ProSupport","February 18, 2028","1011380953",,"DAR ES SALAAM","TZ"
"GQD5SR3",,"PowerSwitch S5224F-ON",,"Not Installed","Dell Technologies","HARDWARE",,"CRDB BANK PLC","",,"3572412594","11mo, 23d","Not Configured",,"OTHER",,"Active","ProSupport","February 18, 2028","1011380953",,"DAR ES SALAAM","TZ"
"H5JJN44",,"VxRail E660F",,"Not Installed","Dell Technologies","HARDWARE",,"CRDB BANK PLC","",,"3572412594","1yr, 2mo, 15d","Not Eligible",,"",,,,,"1008156508","June 30, 2030","DAR ES SALAAM","Tanzania, United Republic of"
"J4BTC64",,"PowerEdge R360",,"Not Installed","Dell Technologies","HARDWARE",,"CRDB BANK PLC","",,"3572412594","11mo, 23d","Not Configured",,"OTHER",,"Active","ProSupport","February 18, 2028","1011380954",,"DAR ES SALAAM","TZ"
"JBJJN44",,"VxRail E660F",,"Not Installed","Dell Technologies","HARDWARE",,"CRDB BANK PLC","",,"3572412594","1yr, 2mo, 15d","Not Eligible",,"",,,,,"1008156512","June 30, 2030","DAR ES SALAAM","Tanzania, United Republic of"
"JV4BNY3","JV4BNY3","DD6400 Appliance",,"Installed","Dell Technologies","HARDWARE",,"CRDB BANK PLC","",,"3572412594","1yr, 8mo, 19d","Not Eligible",,"",,"Active","ProSupport Plus","March 07, 2027","1000901883","June 30, 2030","DAR ES SALAAM","Tanzania, United Republic of"
"D0CQR74","D0CQR74","Dell EMC Unity XT 480",,"Installed","Dell Technologies","HARDWARE",,"CRDB BANK PLC","",,"3572412594","4mo, 27d","Not Eligible",,"",,"Active","ProSupport","August 23, 2026","1018660395",,"DAR ES SALAAM","TZ"
"J0CQR74","J0CQR74","Dell EMC Unity XT 480",,"Installed","Dell Technologies","HARDWARE",,"CRDB BANK PLC","",,"3572412594","4mo, 25d","Not Eligible",,"",,"Active","ProSupport","July 29, 2026","1018649289",,"DAR ES SALAAM","TZ"
"G0CQR74","G0CQR74","Dell EMC Unity XT 480",,"Installed","Dell Technologies","HARDWARE",,"CRDB BANK PLC","",,"3572412594","4mo, 27d","Not Eligible",,"",,"Active","ProSupport","August 23, 2026","1018660397",,"DAR ES SALAAM","TZ"
"41CQR74","41CQR74","Dell EMC Unity XT 480",,"Installed","Dell Technologies","HARDWARE",,"CRDB BANK PLC","",,"3572412594","4mo, 27d","Not Eligible",,"",,"Active","ProSupport","August 23, 2026","1018660394",,"DAR ES SALAAM","TZ"
"81CQR74","81CQR74","Dell EMC Unity XT 480",,"Installed","Dell Technologies","HARDWARE",,"CRDB BANK PLC","",,"3572412594","4mo, 28d","Not Eligible",,"",,"Active","ProSupport","July 29, 2026","1018649287",,"DAR ES SALAAM","TZ"
"61CQR74","61CQR74","Dell EMC Unity XT 480",,"Installed","Dell Technologies","HARDWARE",,"CRDB BANK PLC","",,"3572412594","4mo, 27d","Not Eligible",,"",,"Active","ProSupport","August 23, 2026","1018660393",,"DAR ES SALAAM","TZ"
"21CQR74","21CQR74","Dell EMC Unity XT 480",,"Installed","Dell Technologies","HARDWARE",,"CRDB BANK PLC","",,"3572412594","4mo, 28d","Not Eligible",,"",,"Active","ProSupport","July 29, 2026","1018649290",,"DAR ES SALAAM","TZ"
"B0CQR74","B0CQR74","Dell EMC Unity XT 480",,"Installed","Dell Technologies","HARDWARE",,"CRDB BANK PLC","",,"3572412594","4mo, 28d","Not Eligible",,"",,"Active","ProSupport","July 29, 2026","1018649288",,"DAR ES SALAAM","TZ"
"DLF0000355024788",,"RecoverPoint for Virtual Machines",,"Installed","Dell Technologies","SOFTWARE",,"CRDB BANK PLC","",,"3572412594","2yr, 10mo, 18d","Not Eligible",,"",,"Active","ProSupport For Software","December 30, 2025","273950375",,"DAR ES SALAAM","TZ"
"DLF0000355024799",,"RecoverPoint for Virtual Machines",,"Installed","Dell Technologies","SOFTWARE",,"CRDB BANK PLC","",,"3572412594","2yr, 10mo, 18d","Not Eligible",,"",,"Active","ProSupport For Software","December 30, 2025","273950375",,"DAR ES SALAAM","TZ"
"DLF0000355024787",,"RecoverPoint for Virtual Machines",,"Installed","Dell Technologies","SOFTWARE",,"CRDB BANK PLC","",,"3572412594","2yr, 10mo, 18d","Not Eligible",,"",,"Active","ProSupport For Software","December 30, 2025","273950375",,"DAR ES SALAAM","TZ"
"DLF0000355024756",,"RecoverPoint for Virtual Machines",,"Installed","Dell Technologies","SOFTWARE",,"CRDB BANK PLC","",,"3572412594","2yr, 10mo, 18d","Not Eligible",,"",,"Active","ProSupport For Software","December 30, 2025","273950375",,"DAR ES SALAAM","TZ"
"DLF0000355024754",,"RecoverPoint for Virtual Machines",,"Installed","Dell Technologies","SOFTWARE",,"CRDB BANK PLC","",,"3572412594","2yr, 10mo, 18d","Not Eligible",,"",,"Active","ProSupport For Software","December 30, 2025","273950375",,"DAR ES SALAAM","TZ"
"DLF0000355024757",,"RecoverPoint for Virtual Machines",,"Installed","Dell Technologies","SOFTWARE",,"CRDB BANK PLC","",,"3572412594","2yr, 10mo, 18d","Not Eligible",,"",,"Active","ProSupport For Software","December 30, 2025","273950375",,"DAR ES SALAAM","TZ"
"DLF0000355024817",,"RecoverPoint for Virtual Machines",,"Installed","Dell Technologies","SOFTWARE",,"CRDB BANK PLC","",,"3572412594","2yr, 10mo, 18d","Not Eligible",,"",,"Active","ProSupport For Software","December 30, 2025","273950375",,"DAR ES SALAAM","TZ"
"DLF0000355024798",,"RecoverPoint for Virtual Machines",,"Installed","Dell Technologies","SOFTWARE",,"CRDB BANK PLC","",,"3572412594","2yr, 10mo, 18d","Not Eligible",,"",,"Active","ProSupport For Software","December 30, 2025","273950375",,"DAR ES SALAAM","TZ"
"DLF0000355024806",,"RecoverPoint for Virtual Machines",,"Installed","Dell Technologies","SOFTWARE",,"CRDB BANK PLC","",,"3572412594","2yr, 10mo, 18d","Not Eligible",,"",,"Active","ProSupport For Software","December 30, 2025","273950375",,"DAR ES SALAAM","TZ"
"20402403",,"RecoverPoint EX",,"Installed","Dell Technologies","SOFTWARE",,"CRDB BANK PLC-1","",,"43541739189394","7yr, 6mo, 1d","Not Eligible",,"",,"Active","ProSupport For Software","August 01, 2026","310558158",,"DAR ES SALAAM","Tanzania, United Republic of"
"20402404",,"RecoverPoint EX",,"Installed","Dell Technologies","SOFTWARE",,"CRDB BANK PLC-1","",,"43541739189394","7yr, 6mo, 1d","Not Eligible",,"",,"Active","ProSupport For Software","August 01, 2026","310558158",,"DAR ES SALAAM","Tanzania, United Republic of"
"20402405",,"RecoverPoint virtual appliance",,"Installed","Dell Technologies","SOFTWARE",,"CRDB BANK PLC-1","",,"43541739189394","7yr, 6mo, 1d","Not Eligible",,"",,"Active","ProSupport For Software","August 01, 2026","310558158","December 07, 2022","DAR ES SALAAM","Tanzania, United Republic of"
"20402406",,"AppSync",,"Installed","Dell Technologies","SOFTWARE",,"CRDB BANK PLC-1","",,"43541739189394","7yr, 6mo, 1d","Not Eligible",,"",,"Active","ProSupport For Software","August 01, 2026","310558158",,"DAR ES SALAAM","Tanzania, United Republic of"
"20402408",,"RecoverPoint EX",,"Installed","Dell Technologies","SOFTWARE",,"CRDB BANK PLC-1","",,"43541739189394","7yr, 6mo, 1d","Not Eligible",,"",,"Active","ProSupport For Software","August 01, 2026","310558158",,"DAR ES SALAAM","Tanzania, United Republic of"
"20402409",,"RecoverPoint EX",,"Installed","Dell Technologies","SOFTWARE",,"CRDB BANK PLC-1","",,"43541739189394","7yr, 6mo, 1d","Not Eligible",,"",,"Active","ProSupport For Software","August 01, 2026","310558158",,"DAR ES SALAAM","Tanzania, United Republic of"
"20402410",,"RecoverPoint for Virtual Machines",,"Installed","Dell Technologies","SOFTWARE",,"CRDB BANK PLC-1","",,"43541739189394","7yr, 6mo, 1d","Not Eligible",,"",,"Active","ProSupport For Software","August 01, 2026","310558158",,"DAR ES SALAAM","Tanzania, United Republic of"
"20402411",,"RecoverPoint virtual appliance",,"Installed","Dell Technologies","SOFTWARE",,"CRDB BANK PLC-1","",,"43541739189394","7yr, 6mo, 1d","Not Eligible",,"",,"Active","ProSupport For Software","August 01, 2026","310558158","December 07, 2022","DAR ES SALAAM","Tanzania, United Republic of"
"20402412",,"AppSync",,"Installed","Dell Technologies","SOFTWARE",,"CRDB BANK PLC-1","",,"43541739189394","7yr, 6mo, 1d","Not Eligible",,"",,"Active","ProSupport For Software","August 01, 2026","310558158",,"DAR ES SALAAM","Tanzania, United Republic of"
"20402414",,"Data Protection Central",,"Installed","Dell Technologies","SOFTWARE",,"CRDB BANK PLC-1","",,"43541739189394","7yr, 6mo, 1d","Not Eligible",,"",,"Active","ProSupport For Software","February 01, 2026","310558158",,"DAR ES SALAAM","Tanzania, United Republic of"
"20402415",,"NetWorker",,"Installed","Dell Technologies","SOFTWARE",,"CRDB BANK PLC-1","",,"43541739189394","7yr, 6mo, 1d","Not Eligible",,"",,"Active","ProSupport For Software","February 01, 2026","310558158",,"DAR ES SALAAM","Tanzania, United Republic of"
"20402417",,"RecoverPoint for Virtual Machines",,"Installed","Dell Technologies","SOFTWARE",,"CRDB BANK PLC-1","",,"43541739189394","7yr, 6mo, 1d","Not Eligible",,"",,"Active","ProSupport For Software","August 01, 2026","310558158",,"DAR ES SALAAM","Tanzania, United Republic of"
"20442672",,"Data Domain Boost",,"Installed","Dell Technologies","SOFTWARE",,"CRDB BANK PLC-1","",,"43541739189394","7yr, 5mo, 25d","Not Eligible",,"",,"Active","ProSupport For Software","February 01, 2026","310558158",,"DAR ES SALAAM","Tanzania, United Republic of"
"20442673",,"Data Domain Replicator",,"Installed","Dell Technologies","SOFTWARE",,"CRDB BANK PLC-1","",,"43541739189394","7yr, 5mo, 25d","Not Eligible",,"",,"Active","ProSupport For Software","February 01, 2026","310558158",,"DAR ES SALAAM","Tanzania, United Republic of"
"20442697",,"Data Domain Boost",,"Installed","Dell Technologies","SOFTWARE",,"CRDB BANK PLC-1","",,"43541739189394","7yr, 5mo, 25d","Not Eligible",,"",,"Active","ProSupport For Software","February 01, 2026","310558158",,"DAR ES SALAAM","Tanzania, United Republic of"
"20442698",,"Data Domain Replicator",,"Installed","Dell Technologies","SOFTWARE",,"CRDB BANK PLC-1","",,"43541739189394","7yr, 5mo, 25d","Not Eligible",,"",,"Active","ProSupport For Software","February 01, 2026","310558158",,"DAR ES SALAAM","Tanzania, United Republic of"
"24353556",,"Data Domain Boost",,"Installed","Dell Technologies","SOFTWARE",,"CRDB BANK PLC-1","",,"43541739189394","5yr, 8mo, 17d","Not Eligible",,"",,"Active","ProSupport For Software","February 01, 2026","310905167",,"DAR ES SALAAM","Tanzania, United Republic of"
"24685188",,"PowerProtect Software",,"Installed","Dell Technologies","SOFTWARE","Not Managed","CRDB BANK PLC-1","",,"43541739189394","5yr, 7mo, 2d","Not Eligible",,"",,"Ended","ProSupport For Software","April 20, 2021","320237154",,"DAR ES SALAAM","Tanzania, United Republic of"
"24685191",,"PowerProtect Software",,"Installed","Dell Technologies","SOFTWARE","Not Managed","CRDB BANK PLC-1","",,"43541739189394","5yr, 7mo, 2d","Not Eligible",,"",,"Ended","ProSupport For Software","April 20, 2021","320237154",,"DAR ES SALAAM","Tanzania, United Republic of"
"24685195",,"PowerProtect Software",,"Installed","Dell Technologies","SOFTWARE","Not Managed","CRDB BANK PLC-1","",,"43541739189394","5yr, 7mo, 2d","Not Eligible",,"",,"Ended","ProSupport For Software","April 20, 2021","320237154",,"DAR ES SALAAM","Tanzania, United Republic of"
"24685198",,"PowerProtect Software",,"Installed","Dell Technologies","SOFTWARE","Not Managed","CRDB BANK PLC-1","",,"43541739189394","5yr, 7mo, 2d","Not Eligible",,"",,"Ended","ProSupport For Software","April 20, 2021","320237154",,"DAR ES SALAAM","Tanzania, United Republic of"
"24685201",,"PowerProtect Software",,"Installed","Dell Technologies","SOFTWARE","Not Managed","CRDB BANK PLC-1","",,"43541739189394","5yr, 7mo, 2d","Not Eligible",,"",,"Ended","ProSupport For Software","April 20, 2021","320237154",,"DAR ES SALAAM","Tanzania, United Republic of"
"24685204",,"ProtectPoint for VMAX3",,"Installed","Dell Technologies","SOFTWARE","Not Managed","CRDB BANK PLC-1","",,"43541739189394","5yr, 7mo, 2d","Not Eligible",,"",,"Ended","ProSupport For Software","April 20, 2021","320237154",,"DAR ES SALAAM","Tanzania, United Republic of"
"24685207",,"ProtectPoint for VMAX3",,"Installed","Dell Technologies","SOFTWARE","Not Managed","CRDB BANK PLC-1","",,"43541739189394","5yr, 7mo, 2d","Not Eligible",,"",,"Ended","ProSupport For Software","April 20, 2021","320237154",,"DAR ES SALAAM","Tanzania, United Republic of"
"24685210",,"PowerProtect Storage Direct",,"Installed","Dell Technologies","SOFTWARE","Not Managed","CRDB BANK PLC-1","",,"43541739189394","5yr, 7mo, 2d","Not Eligible",,"",,"Ended","ProSupport For Software","April 20, 2021","320237154",,"DAR ES SALAAM","Tanzania, United Republic of"
"24685213",,"PowerProtect Storage Direct",,"Installed","Dell Technologies","SOFTWARE","Not Managed","CRDB BANK PLC-1","",,"43541739189394","5yr, 7mo, 2d","Not Eligible",,"",,"Ended","ProSupport For Software","April 20, 2021","320237154",,"DAR ES SALAAM","Tanzania, United Republic of"
"24685216",,"NetWorker",,"Installed","Dell Technologies","SOFTWARE","Not Managed","CRDB BANK PLC-1","",,"43541739189394","5yr, 7mo, 2d","Not Eligible",,"",,"Ended","ProSupport For Software","April 20, 2021","320237154",,"DAR ES SALAAM","Tanzania, United Republic of"
"24685219",,"Avamar Virtual Edition",,"Installed","Dell Technologies","SOFTWARE","Not Managed","CRDB BANK PLC-1","",,"43541739189394","5yr, 7mo, 2d","Not Eligible",,"",,"Ended","ProSupport For Software","April 20, 2021","320237154",,"DAR ES SALAAM","Tanzania, United Republic of"
"24685222",,"Data Protection Advisor",,"Installed","Dell Technologies","SOFTWARE","Not Managed","CRDB BANK PLC-1","",,"43541739189394","5yr, 7mo, 2d","Not Eligible",,"",,"Ended","ProSupport For Software","April 20, 2021","320237154",,"DAR ES SALAAM","Tanzania, United Republic of"
"24685225",,"Data Protection Central",,"Installed","Dell Technologies","SOFTWARE","Not Managed","CRDB BANK PLC-1","",,"43541739189394","5yr, 7mo, 2d","Not Eligible",,"",,"Ended","ProSupport For Software","April 20, 2021","320237154",,"DAR ES SALAAM","Tanzania, United Republic of"
"24685228",,"Avamar Server",,"Installed","Dell Technologies","SOFTWARE","Not Managed","CRDB BANK PLC-1","",,"43541739189394","5yr, 7mo, 2d","Not Eligible",,"",,"Ended","ProSupport For Software","April 20, 2021","320237154",,"DAR ES SALAAM","Tanzania, United Republic of"
"24685231",,"vRealize Data Protection Extension for Avamar",,"Installed","Dell Technologies","SOFTWARE","Not Managed","CRDB BANK PLC-1","",,"43541739189394","5yr, 7mo, 2d","Not Eligible",,"",,"Ended","ProSupport For Software","April 20, 2021","320237154",,"DAR ES SALAAM","Tanzania, United Republic of"
"24685234",,"Data Protection Advisor",,"Installed","Dell Technologies","SOFTWARE","Not Managed","CRDB BANK PLC-1","",,"43541739189394","5yr, 7mo, 2d","Not Eligible",,"",,"Ended","ProSupport For Software","April 20, 2021","320237154",,"DAR ES SALAAM","Tanzania, United Republic of"
"24685237",,"PowerProtect Software",,"Installed","Dell Technologies","SOFTWARE","Not Managed","CRDB BANK PLC-1","",,"43541739189394","5yr, 7mo, 2d","Not Eligible",,"",,"Ended","ProSupport For Software","April 20, 2021","320237154",,"DAR ES SALAAM","Tanzania, United Republic of"
"24685240",,"CloudBoost Virtual Appliance",,"Installed","Dell Technologies","SOFTWARE","Not Managed","CRDB BANK PLC-1","",,"43541739189394","5yr, 7mo, 2d","Not Eligible",,"",,"Ended","ProSupport For Software","April 20, 2021","320237154",,"DAR ES SALAAM","Tanzania, United Republic of"
"24685243",,"vCloud Director Data Protection Extension",,"Installed","Dell Technologies","SOFTWARE","Not Managed","CRDB BANK PLC-1","",,"43541739189394","5yr, 7mo, 2d","Not Eligible",,"",,"Ended","ProSupport For Software","April 20, 2021","320237154",,"DAR ES SALAAM","Tanzania, United Republic of"
"24685246",,"RecoverPoint for Virtual Machines",,"Installed","Dell Technologies","SOFTWARE","Not Managed","CRDB BANK PLC-1","",,"43541739189394","5yr, 7mo, 2d","Not Eligible",,"",,"Ended","ProSupport For Software","April 20, 2021","320237154",,"DAR ES SALAAM","Tanzania, United Republic of"
"24685249",,"PowerProtect Cyber Recovery",,"Installed","Dell Technologies","SOFTWARE","Not Managed","CRDB BANK PLC-1","",,"43541739189394","5yr, 7mo, 2d","Not Eligible",,"",,"Ended","ProSupport For Software","April 20, 2021","320237154",,"DAR ES SALAAM","Tanzania, United Republic of"
"24685252",,"PowerProtect Software",,"Installed","Dell Technologies","SOFTWARE","Not Managed","CRDB BANK PLC-1","",,"43541739189394","5yr, 7mo, 2d","Not Eligible",,"",,"Ended","ProSupport For Software","April 20, 2021","320237154",,"DAR ES SALAAM","Tanzania, United Republic of"
"24685255",,"Cloud Disaster Recovery",,"Installed","Dell Technologies","SOFTWARE","Not Managed","CRDB BANK PLC-1","",,"43541739189394","5yr, 7mo, 2d","Not Eligible",,"",,"Ended","ProSupport For Software","April 20, 2021","320237154",,"DAR ES SALAAM","Tanzania, United Republic of"
"26557500",,"Data Domain Boost",,"Installed","Dell Technologies","SOFTWARE",,"CRDB BANK PLC-1","",,"43541739189394","4yr, 8mo, 10d","Not Eligible",,"",,"Active","ProSupport For Software","February 01, 2026","311018500",,"DAR ES SALAAM","Tanzania, United Republic of"
"BRCCCD1916P049",,"Connectrix DS-6505B",,"Installed","Dell Technologies","HARDWARE","7.2.1d","CRDB BANK PLC-1","",,"43541739189394","7yr, 2mo, 28d","Not Configured",,"OTHER",,"Ended","ProSupport","August 01, 2025","310558158","July 31, 2025","DAR ES SALAAM","Tanzania, United Republic of"
"BRCCCD1916P04E",,"Connectrix DS-6505B",,"Installed","Dell Technologies","HARDWARE","7.2.1d","CRDB BANK PLC-1","",,"43541739189394","7yr, 2mo, 28d","Not Configured",,"OTHER",,"Ended","ProSupport","August 01, 2025","310558158","July 31, 2025","DAR ES SALAAM","Tanzania, United Republic of"
"BRCCCD1916P04J",,"Connectrix DS-6505B",,"Installed","Dell Technologies","HARDWARE","7.2.1d","CRDB BANK PLC-1","",,"43541739189394","7yr, 2mo, 28d","Not Configured",,"OTHER",,"Ended","ProSupport","August 01, 2025","310558158","July 31, 2025","DAR ES SALAAM","Tanzania, United Republic of"
"CKM00181601551",,"DD6300 Appliance",,"Installed","Dell Technologies","HARDWARE",,"CRDB BANK PLC-1","",,"43541739189394","1yr, 7mo, 28d","Connected","2025-10-20 06:36:00","Secure Connect Gateway - Appliance v5","1d","Active","ProSupport","February 01, 2026","310558158","August 31, 2027","DAR ES SALAAM","Tanzania, United Republic of"
"CKM00181601556",,"DD6300 Appliance",,"Installed","Dell Technologies","HARDWARE","7.7.5.30","CRDB BANK PLC-1","",,"43541739189394","1yr, 7mo, 28d","Not Connected","2025-04-16 10:23:41","Secure Connect Gateway - Appliance v5","6mo, 5d","Active","ProSupport","February 01, 2026","310558158","August 31, 2027","DAR ES SALAAM","Tanzania, United Republic of"
"CKM00181700389",,"Dell EMC Unity 500",,"Installed","Dell Technologies","HARDWARE",,"CRDB BANK PLC-1","",,"43541739189394","7yr, 4mo, 9d","Connected","2025-10-21 03:25:12","Secure Connect Gateway - Appliance v5","< 1d","Active","ProSupport","August 01, 2026","310558158","July 31, 2026","DAR ES SALAAM","Tanzania, United Republic of"
"CKM00181700390",,"Dell EMC Unity 500",,"Installed","Dell Technologies","HARDWARE",,"CRDB BANK PLC-1","",,"43541739189394","7yr, 4mo, 9d","Connected","2025-10-20 08:49:58","Secure Connect Gateway - Appliance v5","1d","Active","ProSupport","August 01, 2026","310558158","July 31, 2026","DAR ES SALAAM","Tanzania, United Republic of"
"ELMAPL0324V12R",,"Secure Connect Gateway - Virtual Edition",,"Installed","Dell Technologies","SOFTWARE",,"CRDB BANK PLC-1","",,"43541739189394","1yr, 7mo, 13d","Connected","2025-10-20 12:03:09","Secure Connect Gateway - Appliance v5","1d","Active","ProSupport For Software","January 01, 2031","Not Available",,"DAR ES SALAAM","Tanzania, United Republic of"
"ELMAPP07198T7D",,"AppSync",,"Installed","Dell Technologies","SOFTWARE",,"CRDB BANK PLC-1","",,"43541739189394","6yr, 3mo, 13d","Not Configured",,"OTHER",,"Active","ProSupport For Software","August 01, 2026","310558158",,"DAR ES SALAAM","Tanzania, United Republic of"
"ELMAPP0719J2W8",,"AppSync",,"Installed","Dell Technologies","SOFTWARE",,"CRDB BANK PLC-1","",,"43541739189394","6yr, 3mo, 13d","Not Configured",,"OTHER",,"Active","ProSupport For Software","August 01, 2026","310558158",,"DAR ES SALAAM","Tanzania, United Republic of"
"ELMCB00320DK1Z",,"CloudBoost Virtual Appliance",,"Installed","Dell Technologies","SOFTWARE",,"CRDB BANK PLC-1","",,"43541739189394","5yr, 6mo, 20d","Not Eligible",,"",,"Ended","ProSupport For Software","April 20, 2021","320237154",,"DAR ES SALAAM","Tanzania, United Republic of"
"ELMESR092147WM",,"Secure Remote Services Virtual Edition",,"Installed","Dell Technologies","SOFTWARE",,"CRDB BANK PLC-1","",,"43541739189394","4yr, 1mo, 14d","Not Eligible",,"",,"Active","ProSupport For Software","January 01, 2031","Not Available",,"DAR ES SALAAM","Tanzania, United Republic of"
"ELMESR0921Y1DQ",,"Secure Remote Services Virtual Edition",,"Installed","Dell Technologies","SOFTWARE",,"CRDB BANK PLC-1","",,"43541739189394","4yr, 1mo, 7d","Not Eligible",,"",,"Active","ProSupport For Software","January 01, 2031","Not Available",,"DAR ES SALAAM","Tanzania, United Republic of"
"ELMESR0921Z77Z",,"Secure Remote Services Virtual Edition",,"Installed","Dell Technologies","SOFTWARE",,"CRDB BANK PLC-1","",,"43541739189394","4yr, 1mo, 15d","Not Eligible",,"",,"Active","ProSupport For Software","January 01, 2031","Not Available",,"DAR ES SALAAM","Tanzania, United Republic of"
"ELMNET032062ZW",,"Cloud Disaster Recovery",,"Installed","Dell Technologies","SOFTWARE",,"CRDB BANK PLC-1","",,"43541739189394","5yr, 6mo, 20d","Not Eligible",,"",,"Ended","ProSupport For Software","April 20, 2021","320237154",,"DAR ES SALAAM","Tanzania, United Republic of"
"ELMNET0718XXPV",,"NetWorker",,"Installed","Dell Technologies","SOFTWARE",,"CRDB BANK PLC-1","",,"43541739189394","7yr, 2mo, 21d","Not Eligible",,"",,"Active","ProSupport For Software","February 01, 2026","Not Available",,"DAR ES SALAAM","Tanzania, United Republic of"
"ELMSMO0819PTB9",,"Storage Monitoring and Reporting",,"Installed","Dell Technologies","SOFTWARE",,"CRDB BANK PLC-1","",,"43541739189394","6yr, 2mo, 15d","Not Eligible",,"",,"Active","ProSupport For Software","August 01, 2026","310558158",,"DAR ES SALAAM","Tanzania, United Republic of"
